filename,width,height,class,xmin,ymin,xmax,ymax
bike (691).jpg,960,639,bike,447,300,804,513
bike (691).jpg,960,639,bike,216,299,428,502
bike (692).jpg,474,646,bike,181,296,299,468
bike (693).jpg,960,502,bike,521,304,841,500
bike (694).jpg,960,572,bike,330,263,631,447
bike (695).jpg,960,720,bike,267,129,529,497
bike (696).jpg,960,786,bike,1,226,960,786
bike (697).jpg,960,892,bike,513,585,669,833
bike (697).jpg,960,892,boat,41,397,360,599
bike (698).jpg,960,720,bike,346,377,705,627
bike (699).jpg,960,695,bike,221,320,464,554
bike (700).jpg,960,720,bike,114,231,512,505
bike (701).jpg,960,848,bike,20,232,891,698
bike (701).jpg,960,848,bike,75,157,209,311
bike (701).jpg,960,848,bike,1,228,144,537
bike (701).jpg,960,848,leguna,652,132,711,185
bike (701).jpg,960,848,rickshaw,634,143,660,187
bike (701).jpg,960,848,bus,547,112,698,149
bike (701).jpg,960,848,car,580,127,625,182
bike (701).jpg,960,848,car,493,109,587,187
bike (701).jpg,960,848,rickshaw,228,109,278,178
bike (701).jpg,960,848,rickshaw,133,67,242,231
bike (702).jpg,960,960,bike,200,504,675,890
bike (703).jpg,960,480,bike,61,77,456,342
bike (704).jpg,960,647,bike,724,333,958,636
bike (704).jpg,960,647,bike,634,357,780,610
bike (704).jpg,960,647,bike,539,352,676,590
bike (704).jpg,960,647,bike,454,370,602,581
bike (704).jpg,960,647,bike,417,401,490,570
bike (704).jpg,960,647,bike,169,391,305,577
bike (705).jpg,960,942,bike,235,346,588,940
bike (706).jpg,838,960,bike,235,398,565,888
bike (707).jpg,552,828,bike,55,186,452,791
bike (708).jpg,960,720,bike,128,223,915,720
bike (709).jpg,720,960,bike,109,1,564,844
bike (710).jpg,960,939,bike,561,621,662,800
bike (710).jpg,960,939,bike,165,635,454,938
bike (710).jpg,960,939,bike,60,694,132,833
bike (711).jpg,720,960,bike,456,357,692,633
bike (711).jpg,720,960,bike,169,368,531,900
bike (711).jpg,720,960,bike,60,283,265,481
bike (711).jpg,720,960,car,645,265,720,451
bike (711).jpg,720,960,truck,6,120,243,252
bike (712).jpg,720,960,bike,94,173,588,902
bike (713).jpg,640,960,bike,51,208,640,960
bike (714).jpg,960,720,bike,38,1,960,720
bike (715).jpg,960,640,bike,236,305,511,581
bike (716).jpg,720,960,bike,1,250,670,959
bike (716).jpg,720,960,car,669,274,720,351
bike (716).jpg,720,960,car,628,274,679,358
bike (716).jpg,720,960,rickshaw,154,180,323,350
bike (716).jpg,720,960,car,1,222,228,487
bike (717).jpg,813,960,bike,126,479,454,929
bike (718).jpg,680,522,bike,44,45,664,439
bike (719).jpg,960,720,bike,510,290,852,708
bike (720).jpg,960,720,bike,388,300,960,700
bike (721).jpg,959,960,bike,43,261,483,741
bike (722).jpg,960,720,bike,263,316,512,460
bike (723).jpg,960,719,bike,487,150,960,528
bike (724).jpg,720,544,bike,120,220,642,517
bike (725).jpg,539,960,bike,49,243,455,686
bike (726).jpg,960,640,bike,196,246,679,586
bike (727).jpg,720,540,bike,349,249,396,307
bike (728).jpg,720,960,bike,39,264,720,723
bike (729).jpg,693,960,bike,142,353,504,960
bike (730).jpg,960,960,bike,181,273,709,785
bike (731).jpg,476,960,bike,80,193,476,960
bike (732).jpg,960,720,bike,281,327,660,634
bike (733).jpg,960,540,bike,302,172,721,474
bike (734).jpg,960,960,bike,415,431,805,755
bike (735).jpg,449,960,bike,16,352,440,957
bike (736).jpg,720,469,bike,17,41,699,460
bike (737).jpg,542,960,bike,121,428,386,872
bike (738).jpg,960,640,bike,358,192,949,578
bike (739).jpg,960,720,bike,1,115,901,720
bike (739).jpg,960,720,bike,1,27,305,175
bike (740).jpg,720,890,bike,455,558,639,890
bike (741).jpg,540,960,bike,1,138,538,892
bike (742).jpg,480,360,bike,278,140,438,233
bike (743).jpg,960,480,bike,654,126,869,456
bike (744).jpg,960,720,bike,485,116,936,720
bike (744).jpg,960,720,bike,115,377,216,443
bike (744).jpg,960,720,bike,267,396,307,439
bike (744).jpg,960,720,bike,213,382,275,443
bike (744).jpg,960,720,leguna,434,378,499,436
bike (744).jpg,960,720,bike,326,408,374,439
bike (744).jpg,960,720,bike,391,409,414,444
bike (745).jpg,960,640,bike,565,95,837,539
bike (745).jpg,960,640,bike,414,296,565,507
bike (745).jpg,960,640,bike,1,121,302,572
bike (746).jpg,706,960,bike,288,352,685,912
bike (747).jpg,806,960,bike,1,334,786,952
bike (748).jpg,960,640,bike,652,253,910,635
bike (749).jpg,769,960,bike,188,143,712,925
bike (750).jpg,640,960,bike,177,604,348,894
bike (751).jpg,720,540,bike,55,89,426,355
bike (752).jpg,720,540,bike,454,252,665,392
bike (752).jpg,720,540,bike,112,253,272,403
bike (753).jpg,960,720,bike,378,369,861,681
bike (754).jpg,956,960,bike,590,168,956,960
bike (754).jpg,956,960,van,311,677,369,730
bike (755).jpg,960,960,bike,399,354,653,688
bike (756).jpg,960,960,bike,13,185,912,861
bike (757).jpg,960,735,bike,54,216,905,714
bike (758).jpg,798,466,bike,1,75,474,350
bike (759).jpg,960,720,bike,264,28,772,291
bike (760).jpg,720,960,bike,27,419,692,822
bike (761).jpg,540,960,bike,58,83,540,960
bike (762).jpg,960,540,bike,63,17,540,540
bike (763).jpg,960,720,bike,294,168,552,338
bike (764).jpg,960,720,bike,247,343,790,674
bike (765).jpg,960,702,bike,397,210,960,634
bike (766).jpg,960,720,bike,1,349,473,720
bike (767).jpg,720,720,bike,1,141,446,581
bike (768).jpg,960,720,bike,804,278,865,411
bike (768).jpg,960,720,bike,685,282,752,410
bike (768).jpg,960,720,bike,565,277,649,414
bike (768).jpg,960,720,bike,465,286,552,404
bike (768).jpg,960,720,bike,349,282,419,411
bike (768).jpg,960,720,bike,223,274,299,412
bike (768).jpg,960,720,bike,99,277,200,413
bike (769).jpg,1742,1323,bike,299,566,1306,1174
bike (770).jpg,960,960,bike,608,421,834,744
bike (771).jpg,720,960,bike,122,276,569,695
bike (772).jpg,960,640,bike,316,221,892,582
bike (773).jpg,567,960,bike,77,391,468,959
bike (773).jpg,567,960,bike,2,458,197,947
bike (774).jpg,640,960,bike,75,219,492,849
bike (774).jpg,640,960,bike,5,448,56,565
bike (774).jpg,640,960,bike,29,419,157,528
bike (774).jpg,640,960,rickshaw,580,384,635,458
bike (775).jpg,960,720,bike,101,330,651,680
bike (776).jpg,960,720,bike,123,222,874,705
bike (777).jpg,960,720,bike,629,446,718,585
bike (777).jpg,960,720,bike,330,473,568,684
bike (778).jpg,960,720,bike,81,42,934,589
bike (779).jpg,640,960,bike,1,483,267,904
bike (779).jpg,640,960,easybike,457,271,520,369
bike (779).jpg,640,960,rickshaw,300,258,460,503
bike (780).jpg,960,720,bike,202,22,790,459
bike (780).jpg,960,720,van,333,14,481,85
bike (781).jpg,960,638,bike,21,197,725,617
bike (781).jpg,960,638,boat,1,153,106,241
bike (782).jpg,830,960,bike,325,520,688,823
bike (783).jpg,960,550,bike,346,248,787,516
bike (784).jpg,960,640,bike,69,224,775,640
bike (785).jpg,960,720,bike,328,178,850,606
bike (786).jpg,466,960,bike,1,323,392,691
bike (787).jpg,720,480,bike,400,247,561,480
bike (787).jpg,720,480,bike,267,261,366,327
bike (788).jpg,960,716,bike,49,133,950,708
bike (789).jpg,720,960,bike,127,373,540,902
bike (790).jpg,730,960,bike,1,220,730,784
bike (791).jpg,720,960,bike,1,383,720,960
bike (791).jpg,720,960,boat,623,233,718,259
bike (791).jpg,720,960,boat,91,272,218,306
bike (791).jpg,720,960,boat,581,250,668,275
bike (791).jpg,720,960,boat,559,247,616,281
bike (791).jpg,720,960,boat,529,255,556,283
bike (791).jpg,720,960,boat,457,255,529,286
bike (792).jpg,960,960,bike,224,392,878,960
bike (793).jpg,810,960,bike,16,564,706,900
bike (794).jpg,720,960,bike,1,1,570,960
bike (795).jpg,960,484,bike,482,155,651,415
bike (795).jpg,960,484,bike,635,145,701,258
bike (795).jpg,960,484,rickshaw,787,104,889,274
bike (795).jpg,960,484,bike,615,73,637,96
bike (795).jpg,960,484,truck,553,22,623,90
bike (795).jpg,960,484,bus,336,12,421,98
bike (795).jpg,960,484,bus,271,94,423,212
bike (795).jpg,960,484,bus,253,50,412,101
bike (796).jpg,960,720,bike,1,1,803,585
bike (797).jpg,714,960,bike,194,520,651,960
bike (798).jpg,720,479,bike,62,205,235,432
bike (799).jpg,720,960,bike,137,746,415,945
bike (800).jpg,960,640,bike,125,198,777,617
bike (801).jpg,960,668,bike,241,196,874,655
bike (802).jpg,540,960,bike,174,249,207,296
bike (802).jpg,540,960,bike,161,270,507,732
bike (802).jpg,540,960,bus,120,201,192,269
bike (803).jpg,720,960,bike,96,271,476,822
bike (804).jpg,960,784,bike,346,408,913,759
bike (805).jpg,960,494,bike,197,169,682,470
bike (806).jpg,960,545,bike,108,53,822,395
bike (807).jpg,960,720,bike,588,237,878,652
bike (808).jpg,700,553,bike,52,80,654,494
bike (809).jpg,960,720,bike,1,189,487,691
bike (810).jpg,960,818,bike,51,210,781,745
bike (811).jpg,960,596,bike,62,39,906,596
bike (812).jpg,666,960,bike,194,423,377,826
bike (813).jpg,960,638,bike,286,150,870,571
bike (814).jpg,720,564,bike,67,175,545,503
bike (815).jpg,960,960,bike,235,340,941,774
bike (816).jpg,714,960,bike,1,73,570,519
bike (817).jpg,960,508,bike,1,1,720,446
bike (818).jpg,960,720,bike,1,200,842,718
bike (819).jpg,960,720,bike,647,188,864,501
bike (819).jpg,960,720,bike,478,159,661,461
bike (819).jpg,960,720,bike,304,140,489,436
bike (820).jpg,960,610,bike,198,208,737,564
bike (821).jpg,720,960,bike,1,62,691,960
bike (822).jpg,750,562,bike,26,134,609,521
bike (823).jpg,960,640,bike,554,451,646,578
bike (824).jpg,960,640,bike,128,99,838,543
bike (825).jpg,540,960,bike,56,90,513,937
bike (826).jpg,640,960,bike,7,292,640,958
bike (827).jpg,960,513,bike,456,228,676,392
bike (828).jpg,719,726,bike,147,193,617,621
bike (829).jpg,960,720,bike,328,210,494,487
bike (830).jpg,960,527,bike,143,225,343,508
bike (831).jpg,889,889,bike,30,313,886,807
bike (832).jpg,640,960,bike,97,445,484,960
bike (833).jpg,960,720,bike,356,210,763,489
bike (833).jpg,960,720,bike,168,223,239,479
bike (834).jpg,960,542,bike,152,163,672,542
bike (835).jpg,960,540,bike,87,1,783,482
bike (836).jpg,767,960,bike,118,438,711,820
bike (837).jpg,960,540,bike,58,63,847,540
bike (838).jpg,773,960,bike,2,68,583,888
bike (839).jpg,720,480,bike,23,240,659,480
bike (840).jpg,960,640,bike,80,146,848,638
bike (840).jpg,960,640,bike,837,349,960,640
bike (841).jpg,960,627,bike,68,1,880,510
bike (842).jpg,720,570,bike,120,144,483,439
bike (843).jpg,960,720,bike,271,104,755,720
bike (844).jpg,714,960,bike,623,250,714,587
bike (844).jpg,714,960,bike,40,180,642,960
bike (845).jpg,480,270,bike,356,87,478,180
bike (845).jpg,480,270,bike,1,96,480,270
bike (845).jpg,480,270,car,318,64,437,130
bike (845).jpg,480,270,car,1,52,118,129
bike (846).jpg,960,720,bike,282,204,542,682
bike (847).jpg,960,581,bike,198,127,857,511
bike (848).jpg,960,455,bike,481,39,960,398
bike (848).jpg,960,455,bike,16,41,409,412
bike (849).jpg,960,540,bike,246,149,739,523
bike (849).jpg,960,540,bike,651,42,731,153
bike (849).jpg,960,540,bike,448,33,518,150
bike (849).jpg,960,540,bike,248,66,312,138
bike (849).jpg,960,540,bike,238,42,272,111
bike (850).jpg,960,960,bike,21,234,918,828
bike (851).jpg,768,960,bike,1,308,337,786
bike (852).jpg,960,640,bike,67,265,959,640
bike (853).jpg,960,640,bike,52,1,608,599
bike (854).jpg,960,845,bike,155,494,745,842
bike (855).jpg,960,862,bike,447,295,958,845
bike (856).jpg,936,960,bike,77,313,782,794
bike (857).jpg,960,720,bike,320,278,675,582
bike (858).jpg,960,625,bike,198,221,767,618
bike (859).jpg,960,960,bike,70,368,702,771
bike (859).jpg,960,960,bike,10,444,91,725
bike (860).jpg,960,540,bike,197,149,710,496
bike (861).jpg,1162,540,bike,1,1,945,540
bike (862).jpg,540,960,bike,49,282,487,894
bike (863).jpg,960,720,bike,64,26,906,573
bike (864).jpg,960,506,bike,266,216,571,409
bus 401.jpg,2023,1234,bus,136,259,1489,1147
bus 401.jpg,2023,1234,rickshaw,1952,635,2023,1082
bus 401.jpg,2023,1234,rickshaw,1454,712,1677,1055
bus 401.jpg,2023,1234,truck,1581,580,2023,1051
bus 401.jpg,2023,1234,rickshaw,69,788,144,923
bus 401.jpg,2023,1234,rickshaw,3,804,67,929
bus 402.jpg,1055,943,rickshaw,909,474,992,677
bus 402.jpg,1055,943,bus,401,111,924,688
bus 402.jpg,1055,943,bus,17,242,879,732
bus 403.jpg,3078,2941,bus,2777,1901,3078,2455
bus 403.jpg,3078,2941,bus,314,860,1973,2847
bus 403.jpg,3078,2941,cng,2214,2220,2341,2379
bus 403.jpg,3078,2941,rickshaw,2109,2197,2205,2356
bus 404.jpg,1346,1355,cng,47,756,130,941
bus 404.jpg,1346,1355,cng,5,729,62,1002
bus 404.jpg,1346,1355,bus,112,279,984,1193
bus 405.jpg,1762,3072,rickshaw,126,2092,264,2316
bus 405.jpg,1762,3072,bus,288,1488,1331,2583
bus 406.jpg,1811,2441,rickshaw,1551,1553,1659,1720
bus 406.jpg,1811,2441,bus,240,1179,1373,1857
bus 407.jpg,2412,1606,bike,579,1000,794,1232
bus 407.jpg,2412,1606,bus,653,529,1857,1232
bus 407.jpg,2412,1606,rickshaw,2216,915,2409,1161
bus 408.jpg,2018,1828,bike,1888,1250,1996,1466
bus 408.jpg,2018,1828,bike,1660,1258,1785,1413
bus 408.jpg,2018,1828,car,1777,1233,1927,1369
bus 408.jpg,2018,1828,rickshaw,168,1088,460,1450
bus 408.jpg,2018,1828,rickshaw,4,1097,202,1500
bus 408.jpg,2018,1828,bus,468,447,1682,1647
bus 409.jpg,2143,2729,bus,36,1060,1998,2614
bus 410.jpg,1158,2171,bus,140,442,1047,1562
bus 411.jpg,3457,3072,bicycle,735,2183,820,2349
bus 411.jpg,3457,3072,rickshaw,678,2054,782,2283
bus 411.jpg,3457,3072,bus,73,1745,654,2445
bus 411.jpg,3457,3072,bus,816,16,3449,3059
bus 412.jpg,1270,1792,cng,997,1287,1180,1487
bus 412.jpg,1270,1792,van,889,1365,1003,1482
bus 412.jpg,1270,1792,bus,280,1098,875,1587
bus 412.jpg,1270,1792,car,208,1323,283,1537
bus 412.jpg,1270,1792,car,3,1379,83,1490
bus 413.jpg,1734,2716,car,11,1891,123,2174
bus 413.jpg,1734,2716,bus,123,1457,1394,2395
bus 413.jpg,1734,2716,rickshaw,1490,1803,1727,2220
bus 414.jpg,4608,2592,bus,2730,19,4608,2077
bus 414.jpg,4608,2592,bus,1939,662,2716,1462
bus 414.jpg,4608,2592,bus,1582,829,1939,1229
bus 414.jpg,4608,2592,bus,1354,957,1577,1133
bus 414.jpg,4608,2592,bus,1168,981,1368,1109
bus 414.jpg,4608,2592,bus,830,971,1130,1114
bus 414.jpg,4608,2592,bus,711,976,839,1090
bus 414.jpg,4608,2592,bus,596,981,720,1086
bus 415.jpg,4608,2592,cng,816,1533,916,1643
bus 415.jpg,4608,2592,car,2644,1724,4608,2587
bus 415.jpg,4608,2592,car,2168,1629,2773,1948
bus 415.jpg,4608,2592,car,1920,1581,2287,1790
bus 415.jpg,4608,2592,car,1777,1557,1996,1705
bus 415.jpg,4608,2592,bus,1401,1429,1768,1638
bus 415.jpg,4608,2592,bus,1254,1443,1411,1571
bus 415.jpg,4608,2592,bus,1182,1457,1277,1576
bus 415.jpg,4608,2592,bus,1796,1376,2154,1609
bus 415.jpg,4608,2592,bus,2135,1329,2925,1752
bus 415.jpg,4608,2592,bus,2920,1033,4608,2361
bus 416.jpg,4608,2592,cng,530,1638,701,1809
bus 416.jpg,4608,2592,bus,2296,1200,2682,2033
bus 416.jpg,4608,2592,bus,2616,809,4608,2581
bus 416.jpg,4608,2592,bus,1430,1319,2382,2071
bus 416.jpg,4608,2592,bus,1249,1467,1444,1767
bus 416.jpg,4608,2592,bus,1196,1538,1249,1719
bus 417.jpg,4608,2592,truck,611,1371,996,1762
bus 417.jpg,4608,2592,bus,996,971,3335,2262
bus 417.jpg,4608,2592,bus,3358,590,4604,2592
bus 418.jpg,1643,2067,bus,292,708,1142,1187
bus 419.jpg,1862,1836,bus,549,567,1513,1126
bus 419.jpg,1862,1836,bus,263,740,568,1017
bus 419.jpg,1862,1836,bus,110,792,263,987
bus 420.jpg,1609,2178,rickshaw,56,852,213,1052
bus 420.jpg,1609,2178,bus,413,702,1119,1128
bus 420.jpg,1609,2178,bus,126,765,433,1015
bus 421.jpg,1512,1697,bus,454,227,1495,817
bus 421.jpg,1512,1697,bus,87,389,502,691
bus 422.jpg,2921,2841,truck,23,1346,862,2524
bus 422.jpg,2921,2841,bus,784,285,2854,2464
bus 423.jpg,2553,2631,bus,346,1663,902,2059
bus 424.jpg,440,341,bus,51,110,409,256
bus 425.jpg,4608,2592,bus,4087,762,4608,1353
bus 425.jpg,4608,2592,bus,268,371,3801,2243
bus 426.jpg,4608,2592,bus,4187,124,4608,2070
bus 426.jpg,4608,2592,bus,4130,1014,4363,1519
bus 426.jpg,4608,2592,bus,3501,862,4163,1590
bus 426.jpg,4608,2592,bus,196,367,3687,2267
bus 427.jpg,4608,2592,rickshaw,3544,1233,3844,1705
bus 427.jpg,4608,2592,van,3368,1438,3592,1648
bus 427.jpg,4608,2592,bus,3796,438,4608,1861
bus 427.jpg,4608,2592,bus,3249,1009,3496,1486
bus 427.jpg,4608,2592,bus,2468,895,3301,1686
bus 427.jpg,4608,2592,bus,2120,957,2525,1590
bus 427.jpg,4608,2592,bus,249,752,2335,1886
bus 427.jpg,4608,2592,bus,20,700,492,2190
bus 428.jpg,4608,2592,rickshaw,1025,1748,2430,2590
bus 428.jpg,4608,2592,bus,16,1081,706,2262
bus 428.jpg,4608,2592,bus,725,1019,4601,2262
bus 428.jpg,4608,2592,rickshaw,4073,1595,4601,2529
bus 429.jpg,4608,2592,bus,720,1329,4608,2555
bus 430.jpg,4608,2592,car,4373,1667,4608,2132
bus 430.jpg,4608,2592,rickshaw,4235,1624,4411,1924
bus 430.jpg,4608,2592,bus,4230,1462,4492,1771
bus 430.jpg,4608,2592,rickshaw,2673,1476,4130,2581
bus 430.jpg,4608,2592,bus,3439,1190,4230,2071
bus 430.jpg,4608,2592,bus,244,795,3211,2405
bus 430.jpg,4608,2592,bus,11,1238,282,2224
bus 431.jpg,4608,2592,rickshaw,887,1833,1854,2592
bus 431.jpg,4608,2592,bus,149,1324,3393,2592
bus 432.jpg,4608,2592,bus,11,419,3206,1924
bus 433.jpg,4608,2592,bus,3496,967,4606,1419
bus 433.jpg,4608,2592,bus,1287,481,3444,2148
bus 433.jpg,4608,2592,bus,811,1271,1030,1429
bus 433.jpg,4608,2592,bus,196,1248,454,1386
bus 433.jpg,4608,2592,rickshaw,6,1348,277,2214
bus 433.jpg,4608,2592,rickshaw,768,1400,896,1605
bus 433.jpg,4608,2592,rickshaw,677,1367,787,1548
bus 433.jpg,4608,2592,truck,1035,1267,1325,1614
bus 433.jpg,4608,2592,car,3416,1429,4158,1962
bus 433.jpg,4608,2592,cng,3777,1386,4482,1929
bus 433.jpg,4608,2592,cng,901,1395,1025,1548
bus 434.jpg,4608,2592,horsecart,1820,1167,2630,2019
bus 434.jpg,4608,2592,rickshaw,2896,1486,3035,1705
bus 434.jpg,4608,2592,rickshaw,2792,1495,2892,1676
bus 434.jpg,4608,2592,car,4263,1438,4608,1849
bus 434.jpg,4608,2592,bus,16,548,1926,2591
bus 435.jpg,4608,2592,rickshaw,168,1595,535,1981
bus 435.jpg,4608,2592,bus,530,1252,2335,2371
bus 436.jpg,3264,2448,bus,474,117,2960,1576
bus 437.jpg,300,168,car,280,42,298,75
bus 437.jpg,300,168,bus,234,27,282,103
bus 437.jpg,300,168,bus,163,29,244,120
bus 437.jpg,300,168,bus,26,16,169,137
bus 438.jpg,967,544,bus,812,236,966,344
bus 438.jpg,967,544,bus,151,25,834,541
bus 439.jpg,1280,720,cng,1168,366,1234,430
bus 439.jpg,1280,720,bus,93,103,1047,613
bus 440.jpg,710,410,cng,1,217,51,282
bus 440.jpg,710,410,bus,61,1,710,402
bus 441.jpg,1300,956,bus,10,4,1288,852
bus 442.jpg,707,960,bus,4,299,116,783
bus 442.jpg,707,960,bus,94,227,651,862
bus 443.jpg,1280,720,bicycle,1093,444,1191,572
bus 443.jpg,1280,720,rickshaw,44,299,158,452
bus 443.jpg,1280,720,bus,322,229,420,395
bus 443.jpg,1280,720,bus,1081,199,1280,466
bus 443.jpg,1280,720,bus,389,130,1080,575
bus 443.jpg,1280,720,bus,4,207,300,423
bus 444.jpg,1280,720,bus,2,39,213,241
bus 444.jpg,1280,720,bus,452,3,1277,607
bus 444.jpg,1280,720,rickshaw,36,131,340,386
bus 445.jpg,1280,720,bike,923,356,1006,484
bus 445.jpg,1280,720,rickshaw,875,266,990,456
bus 445.jpg,1280,720,rickshaw,830,258,888,398
bus 445.jpg,1280,720,bus,817,170,976,275
bus 445.jpg,1280,720,bus,966,140,1261,408
bus 445.jpg,1280,720,bus,195,6,827,626
bus 445.jpg,1280,720,cng,41,259,193,372
bus 446.jpg,1280,720,bus,1,194,57,390
bus 446.jpg,1280,720,bus,49,7,1280,711
bus 447.jpg,1280,720,bus,753,250,1273,720
bus 447.jpg,1280,720,bus,643,189,1086,367
bus 447.jpg,1280,720,bus,608,122,738,200
bus 447.jpg,1280,720,bus,448,127,600,188
bus 447.jpg,1280,720,bus,547,100,626,153
bus 447.jpg,1280,720,bus,254,159,639,434
bus 447.jpg,1280,720,bus,347,135,456,180
bus 447.jpg,1280,720,cng,147,173,207,235
bus 447.jpg,1280,720,cng,70,186,141,239
bus 447.jpg,1280,720,van,432,454,571,588
bus 447.jpg,1280,720,rickshaw,1,470,104,616
bus 447.jpg,1280,720,car,3,252,130,349
bus 447.jpg,1280,720,car,1080,148,1148,206
bus 448.jpg,1280,960,bus,30,411,206,581
bus 448.jpg,1280,960,bus,198,64,1148,784
bus 449.jpg,1280,960,bus,21,428,149,577
bus 449.jpg,1280,960,bus,145,34,1211,806
bus 450.jpg,1280,960,bus,267,42,1170,739
bus 451.jpg,1280,960,bus,300,87,1280,750
bus 452.jpg,1280,960,bus,75,15,975,739
car (1).jpg,640,480,car,90,105,601,379
car (10).jpg,1023,764,car,21,106,1009,717
car (100).jpg,800,600,car,754,176,799,302
car (100).jpg,800,600,car,677,157,800,233
car (100).jpg,800,600,car,568,180,624,212
car (100).jpg,800,600,car,503,180,565,214
car (100).jpg,800,600,car,7,115,766,497
car (101).jpg,800,600,car,37,279,774,558
car (102).jpg,300,225,car,26,49,273,191
car (103).jpg,750,326,car,28,65,740,301
car (104).jpg,640,480,car,128,15,594,472
car (104).jpg,640,480,car,53,236,152,288
car (104).jpg,640,480,car,4,216,58,256
car (105).jpg,480,360,car,424,110,477,142
car (105).jpg,480,360,car,383,113,420,139
car (105).jpg,480,360,car,118,118,152,148
car (105).jpg,480,360,car,78,119,114,150
car (105).jpg,480,360,car,30,122,81,151
car (105).jpg,480,360,car,1,123,49,173
car (105).jpg,480,360,car,58,87,453,299
car (106).jpg,500,375,car,85,56,411,335
car (107).jpg,800,600,car,141,40,663,570
car (108).jpg,800,532,car,104,92,756,498
car (109).jpg,640,480,car,2,20,640,467
car (11).jpg,640,438,car,31,31,601,344
car (110).jpg,600,400,car,60,185,467,355
car (111).jpg,625,468,car,45,46,587,381
car (112).jpg,259,194,car,225,30,257,85
car (112).jpg,259,194,car,174,28,222,66
car (112).jpg,259,194,car,7,30,251,156
car (113).jpg,640,480,car,29,21,622,456
car (114).jpg,640,480,car,84,155,538,407
car (115).jpg,455,341,car,360,75,442,119
car (115).jpg,455,341,car,73,65,143,101
car (115).jpg,455,341,car,47,85,416,271
car (116).jpg,480,360,car,11,86,459,292
car (117).jpg,400,300,car,341,105,400,162
car (117).jpg,400,300,car,12,53,387,248
car (118).jpg,700,500,car,97,146,663,416
car (118).jpg,700,500,car,655,263,700,310
car (119).jpg,390,216,car,13,15,320,210
car (12).jpg,1280,782,car,98,170,1216,652
car (120).jpg,800,533,car,128,67,668,496
car (121).jpg,1200,800,car,162,327,1059,686
car (122).jpg,804,386,car,234,49,733,297
car (123).jpg,800,515,car,682,140,800,241
car (123).jpg,800,515,car,40,53,774,484
car (123).jpg,800,515,car,620,135,790,185
car (124).jpg,3543,2362,car,188,770,3356,1959
car (125).jpg,874,466,car,211,111,837,426
car (126).jpg,259,194,car,12,22,246,156
car (126).jpg,259,194,car,1,24,110,98
car (127).jpg,600,450,car,64,144,543,344
car (128).jpg,640,480,car,16,84,625,444
car (129).jpg,500,302,car,15,118,475,288
car (13).jpg,355,266,car,309,92,355,149
car (13).jpg,355,266,car,267,76,347,125
car (13).jpg,355,266,car,65,55,282,200
car (130).jpg,500,279,car,22,16,487,259
car (131).jpg,259,194,car,38,21,112,59
car (131).jpg,259,194,car,1,21,49,75
car (131).jpg,259,194,car,101,21,138,42
car (131).jpg,259,194,car,39,26,249,147
car (132).jpg,800,600,car,20,122,799,475
car (133).jpg,433,280,car,2,58,428,254
car (134).jpg,750,469,car,405,142,710,281
car (134).jpg,750,469,car,91,194,506,460
car (135).jpg,635,303,car,37,5,617,246
car (136).jpg,1024,681,car,826,261,1000,430
car (136).jpg,1024,681,car,404,152,543,213
car (136).jpg,1024,681,car,336,124,462,184
car (136).jpg,1024,681,car,21,90,353,224
car (136).jpg,1024,681,car,65,194,901,577
car (137).jpg,640,480,car,48,96,630,363
car (138).jpg,1024,768,car,336,235,399,300
car (138).jpg,1024,768,car,900,243,1024,365
car (138).jpg,1024,768,car,74,235,234,315
car (138).jpg,1024,768,car,36,242,90,306
car (138).jpg,1024,768,car,7,246,44,308
car (138).jpg,1024,768,car,89,179,938,735
car (139).jpg,640,480,car,71,167,580,417
car (14).jpg,787,346,car,13,14,765,309
car (140).jpg,300,169,car,42,47,265,165
car (141).jpg,1600,1065,car,321,488,1227,915
car (142).jpg,280,180,car,14,75,275,157
car (143).jpg,640,466,car,51,39,534,428
car (144).jpg,750,469,car,58,151,681,403
car (145).jpg,500,375,car,26,60,488,334
car (146).jpg,582,356,car,81,40,536,340
car (147).jpg,500,333,car,45,64,453,253
car (148).jpg,300,203,car,9,17,293,198
car (149).jpg,600,400,car,57,78,540,328
car (15).jpg,250,166,car,24,19,205,142
car (150).jpg,1600,1200,car,958,261,1023,324
car (150).jpg,1600,1200,car,868,268,972,355
car (150).jpg,1600,1200,car,32,367,1591,984
car (150).jpg,1600,1200,car,322,222,861,430
car (16).jpg,800,533,car,68,110,736,508
car (17).jpg,640,480,car,46,111,601,432
car (17).jpg,640,480,car,596,206,640,255
car (17).jpg,640,480,car,1,213,54,264
car (18).jpg,300,189,car,4,42,293,157
car (19).jpg,750,469,car,135,68,650,425
car (2).jpg,200,147,car,12,16,181,138
car (20).jpg,600,450,car,448,75,600,219
car (20).jpg,600,450,car,189,75,285,116
car (20).jpg,600,450,car,90,121,573,355
car (21).jpg,1024,768,car,963,182,1024,286
car (21).jpg,1024,768,car,879,174,988,325
car (21).jpg,1024,768,car,1,207,86,274
car (21).jpg,1024,768,car,67,72,932,629
car (22).jpg,640,480,car,43,20,593,459
car (22).jpg,640,480,car,1,14,83,159
car (22).jpg,640,480,car,521,29,609,85
car (23).jpg,640,359,car,78,11,599,310
car (24).jpg,200,150,car,21,19,175,131
car (25).jpg,640,480,car,80,103,609,372
car (25).jpg,640,480,car,1,143,56,298
car (25).jpg,640,480,car,593,184,627,231
car (26).jpg,640,480,car,215,91,640,262
car (26).jpg,640,480,car,32,78,375,192
car (26).jpg,640,480,car,1,48,71,98
car (26).jpg,640,480,car,3,173,636,447
car (26).jpg,640,480,car,1,75,152,169
car (27).jpg,500,375,car,40,70,472,291
car (27).jpg,500,375,car,1,110,49,178
car (28).jpg,375,224,car,12,67,354,193
car (29).jpg,144,108,car,10,20,141,78
car (3).jpg,500,270,car,13,25,471,236
car (30).jpg,587,390,car,213,218,393,353
car (30).jpg,587,390,car,18,218,184,310
car (30).jpg,587,390,car,394,218,569,312
car (31).jpg,1280,960,car,1,286,224,557
car (31).jpg,1280,960,car,68,299,1261,738
car (31).jpg,1280,960,car,166,305,349,405
car (32).jpg,300,156,car,63,46,254,137
car (33).jpg,640,480,car,17,108,620,454
car (34).jpg,640,480,car,61,152,636,444
car (35).jpg,1024,768,car,70,171,149,241
car (35).jpg,1024,768,car,65,111,150,185
car (35).jpg,1024,768,car,2,120,70,173
car (35).jpg,1024,768,car,33,86,1002,714
car (35).jpg,1024,768,car,0,165,93,272
car (36).jpg,1024,768,car,51,88,1004,697
car (37).jpg,200,134,car,42,14,169,125
car (38).jpg,800,480,car,18,121,777,427
car (39).jpg,1024,768,car,17,311,1001,677
car (4).jpg,1024,768,car,53,149,960,606
car (40).jpg,500,333,car,161,84,348,314
car (41).jpg,1440,900,car,214,342,1340,846
car (42).jpg,259,194,car,212,46,258,90
car (42).jpg,259,194,car,11,57,37,85
car (42).jpg,259,194,car,18,27,232,177
car (43).jpg,259,194,car,18,47,246,158
car (44).jpg,750,563,car,11,174,732,497
car (45).jpg,300,242,car,20,23,279,211
car (46).jpg,1920,1200,car,425,314,1338,980
car (47).jpg,434,326,car,29,94,406,243
car (48).jpg,400,300,car,5,18,395,238
car (49).jpg,1024,768,car,11,156,972,644
car (5).jpg,480,360,car,18,87,453,322
car (50).jpg,625,468,car,24,68,600,327
car (51).jpg,808,295,car,659,5,803,105
car (51).jpg,808,295,car,473,4,800,178
car (51).jpg,808,295,car,257,8,638,206
car (51).jpg,808,295,car,6,2,369,267
car (52).jpg,1024,683,car,168,176,935,630
car (53).jpg,800,533,car,751,179,800,367
car (53).jpg,800,533,car,667,132,800,257
car (53).jpg,800,533,car,48,182,157,251
car (53).jpg,800,533,car,1,152,103,233
car (53).jpg,800,533,car,124,34,690,521
car (54).jpg,425,265,car,16,22,409,252
car (55).jpg,112,84,car,0,10,99,82
car (56).jpg,620,414,car,44,87,587,357
car (57).jpg,259,194,car,21,73,47,97
car (57).jpg,259,194,car,1,74,22,98
car (57).jpg,259,194,car,27,71,242,168
car (58).jpg,259,194,car,20,17,230,149
car (59).jpg,600,363,car,117,67,561,315
car (6).jpg,750,469,car,220,116,665,403
car (60).jpg,259,194,car,27,106,247,185
car (61).jpg,640,480,car,554,122,638,261
car (61).jpg,640,480,car,23,95,141,174
car (61).jpg,640,480,car,34,54,601,405
car (62).jpg,640,480,car,97,177,247,220
car (62).jpg,640,480,car,50,179,154,239
car (62).jpg,640,480,car,5,182,55,223
car (62).jpg,640,480,car,88,141,598,415
car (63).jpg,2048,1536,car,1792,435,2031,593
car (63).jpg,2048,1536,car,1661,415,1782,572
car (63).jpg,2048,1536,car,406,265,1829,1273
car (63).jpg,2048,1536,car,288,362,516,764
car (64).jpg,800,533,car,43,125,685,495
car (65).jpg,259,194,car,44,17,231,187
car (65).jpg,259,194,car,1,77,17,90
car (66).jpg,640,429,car,30,25,627,390
car (67).jpg,242,208,car,35,12,227,188
car (68).jpg,640,426,car,73,165,593,370
car (69).jpg,530,307,car,22,73,472,240
car (7).jpg,596,417,car,10,42,588,366
car (70).jpg,900,540,car,126,112,804,436
car (71).jpg,640,480,car,79,28,582,416
car (72).jpg,640,480,car,31,106,623,373
car (73).jpg,400,274,car,16,71,385,254
car (74).jpg,580,387,car,13,132,565,361
car (75).jpg,1024,768,car,99,147,875,657
car (76).jpg,600,371,car,44,25,567,344
car (77).jpg,600,399,car,401,66,598,253
car (77).jpg,600,399,car,175,13,465,96
car (77).jpg,600,399,car,66,69,486,317
car (78).jpg,500,375,car,74,47,421,330
car (79).jpg,480,360,car,23,64,454,282
car (8).jpg,500,375,car,428,169,498,233
car (8).jpg,500,375,car,341,161,443,220
car (8).jpg,500,375,car,162,178,421,311
car (8).jpg,500,375,car,43,168,231,258
car (8).jpg,500,375,car,287,160,329,194
car (8).jpg,500,375,car,245,161,287,188
car (8).jpg,500,375,car,329,157,365,184
car (8).jpg,500,375,car,215,160,250,188
car (8).jpg,500,375,car,192,157,220,176
car (8).jpg,500,375,car,149,160,230,194
car (8).jpg,500,375,car,81,164,141,191
car (8).jpg,500,375,car,34,157,82,188
car (8).jpg,500,375,car,1,160,30,181
car (8).jpg,500,375,car,223,154,240,166
car (8).jpg,500,375,car,150,149,169,163
car (8).jpg,500,375,car,421,144,456,172
car (8).jpg,500,375,car,387,151,412,168
car (80).jpg,1600,1200,car,11,343,168,578
car (80).jpg,1600,1200,car,1477,367,1598,592
car (80).jpg,1600,1200,car,50,254,1551,942
car (81).jpg,259,194,car,2,50,248,150
car (82).jpg,957,640,car,16,19,930,629
car (83).jpg,800,600,car,710,56,798,188
car (83).jpg,800,600,car,58,62,762,499
car (83).jpg,800,600,car,1,43,362,286
car (84).jpg,1600,1066,car,478,168,1362,753
car (85).jpg,400,267,car,11,58,393,231
car (86).jpg,960,347,car,117,56,816,322
car (87).jpg,640,480,car,1,205,37,267
car (87).jpg,640,480,car,612,160,638,252
car (87).jpg,640,480,car,26,72,622,386
car (88).jpg,320,255,car,11,38,314,220
car (89).jpg,480,360,car,23,85,450,335
car (89).jpg,480,360,car,326,129,379,152
car (89).jpg,480,360,car,406,122,479,185
car (9).jpg,500,315,car,32,37,469,283
car (90).jpg,2100,1575,car,105,581,2027,1358
car (91).jpg,794,552,car,46,151,753,430
car (92).jpg,620,413,car,101,153,579,312
car (93).jpg,640,480,car,20,57,633,403
car (94).jpg,637,480,car,79,80,539,391
car (95).jpg,468,312,car,18,112,422,285
car (96).jpg,500,375,car,461,128,500,199
car (96).jpg,500,375,car,88,17,425,351
car (97).jpg,2048,1536,car,151,158,1844,1349
car (98).jpg,550,384,car,21,63,529,360
car (99).jpg,300,300,car,15,104,279,271
truck (628).jpg,1280,720,truck,463,236,907,558
truck (628).jpg,1280,720,car,394,316,554,493
truck (629).jpg,1280,720,truck,378,237,799,549
truck (629).jpg,1280,720,car,763,308,890,490
truck (630).jpg,1280,720,truck,811,218,1041,452
truck (630).jpg,1280,720,truck,5,244,879,720
truck (631).jpg,1280,720,truck,398,220,1277,707
truck (631).jpg,1280,720,truck,244,224,465,445
truck (632).jpg,1280,720,truck,275,68,912,551
truck (632).jpg,1280,720,truck,916,249,979,425
truck (632).jpg,1280,720,truck,986,239,1077,364
truck (633).jpg,1280,720,truck,340,95,1007,601
truck (633).jpg,1280,720,truck,295,241,415,423
truck (633).jpg,1280,720,truck,207,249,297,353
truck (634).jpg,1280,720,truck,11,63,885,649
truck (634).jpg,1280,720,truck,982,232,1086,357
truck (634).jpg,1280,720,truck,853,240,976,431
truck (635).jpg,1280,720,truck,385,57,1280,638
truck (635).jpg,1280,720,truck,290,244,452,432
truck (635).jpg,1280,720,truck,195,231,300,356
truck (636).jpg,1280,720,truck,483,165,1041,525
truck (636).jpg,1280,720,car,447,225,511,285
truck (636).jpg,1280,720,car,377,216,471,277
truck (636).jpg,1280,720,car,272,216,354,270
truck (636).jpg,1280,720,car,220,217,282,261
truck (636).jpg,1280,720,car,166,235,253,298
truck (636).jpg,1280,720,car,157,216,218,267
truck (636).jpg,1280,720,car,194,284,335,404
truck (636).jpg,1280,720,bike,202,339,272,444
truck (637).jpg,1280,720,truck,217,152,799,512
truck (637).jpg,1280,720,car,949,285,1086,411
truck (637).jpg,1280,720,bike,1018,336,1089,447
truck (637).jpg,1280,720,car,1032,238,1113,300
truck (637).jpg,1280,720,car,1071,221,1120,254
truck (637).jpg,1280,720,car,1003,214,1058,259
truck (637).jpg,1280,720,car,923,213,1006,273
truck (637).jpg,1280,720,car,812,216,908,276
truck (637).jpg,1280,720,car,777,223,835,275
truck (637).jpg,1280,720,car,899,216,932,264
truck (638).jpg,1280,720,truck,589,147,952,535
truck (638).jpg,1280,720,truck,1005,184,1175,409
truck (638).jpg,1280,720,truck,2,260,371,669
truck (638).jpg,1280,720,car,935,277,990,352
truck (639).jpg,1280,720,truck,347,176,697,535
truck (639).jpg,1280,720,truck,100,184,308,431
truck (639).jpg,1280,720,truck,890,212,1277,643
truck (640).jpg,1280,720,truck,452,183,1241,556
truck (640).jpg,1280,720,truck,378,193,522,296
truck (640).jpg,1280,720,car,334,209,395,267
truck (640).jpg,1280,720,car,294,206,339,262
truck (640).jpg,1280,720,car,276,206,302,232
truck (640).jpg,1280,720,car,189,236,238,290
truck (640).jpg,1280,720,car,222,281,347,391
truck (640).jpg,1280,720,car,1,323,216,463
truck (640).jpg,1280,720,car,177,209,239,268
truck (640).jpg,1280,720,bike,208,326,286,438
truck (640).jpg,1280,720,truck,221,184,273,239
truck (641).jpg,1280,720,truck,32,105,806,559
truck (641).jpg,1280,720,car,1073,313,1280,465
truck (641).jpg,1280,720,bike,1003,320,1071,439
truck (641).jpg,1280,720,car,941,279,1058,407
truck (641).jpg,1280,720,car,1020,234,1093,295
truck (641).jpg,1280,720,car,1050,212,1108,262
truck (641).jpg,1280,720,car,939,209,982,257
truck (641).jpg,1280,720,car,890,211,949,261
truck (641).jpg,1280,720,truck,998,175,1065,241
truck (641).jpg,1280,720,truck,772,197,900,291
truck (642).jpg,633,477,truck,50,63,584,449
truck (643).jpg,623,411,truck,345,237,830,558
truck (643).jpg,623,411,truck,858,242,981,345
truck (643).jpg,623,411,truck,64,81,499,311
truck (644).jpg,1280,720,truck,506,217,981,611
truck (644).jpg,1280,720,bus,370,311,531,376
truck (644).jpg,1280,720,car,893,311,1175,490
truck (644).jpg,1280,720,car,1058,371,1280,671
truck (644).jpg,1280,720,car,93,347,409,588
truck (645).jpg,1280,720,truck,296,150,781,602
truck (645).jpg,1280,720,car,875,354,1186,591
truck (645).jpg,1280,720,car,116,318,368,488
truck (645).jpg,1280,720,car,1,372,223,656
truck (645).jpg,1280,720,bus,743,312,907,367
truck (646).jpg,1280,720,truck,251,3,983,440
truck (646).jpg,1280,720,car,1017,147,1140,268
truck (647).jpg,1280,720,truck,292,11,1024,416
truck (647).jpg,1280,720,car,135,149,266,267
truck (648).jpg,1280,720,truck,107,1,1130,578
truck (649).jpg,1280,720,truck,152,1,1186,576
truck (650).jpg,1280,720,truck,350,6,1044,472
truck (651).jpg,1280,720,truck,242,4,933,467
truck (652).jpg,1280,720,truck,578,225,1063,489
truck (652).jpg,1280,720,truck,1074,273,1277,450
truck (652).jpg,1280,720,rickshaw,162,394,304,503
truck (652).jpg,1280,720,rickshaw,461,403,513,480
truck (652).jpg,1280,720,rickshaw,385,416,443,472
truck (652).jpg,1280,720,rickshaw,12,395,168,504
truck (653).jpg,1280,720,truck,225,226,697,498
truck (653).jpg,1280,720,truck,4,278,229,470
truck (653).jpg,1280,720,rickshaw,732,399,821,485
truck (653).jpg,1280,720,rickshaw,844,409,915,477
truck (653).jpg,1280,720,rickshaw,976,385,1116,500
truck (653).jpg,1280,720,rickshaw,1111,388,1271,508
truck (654).jpg,1280,720,truck,9,135,870,561
truck (655).jpg,1280,720,truck,417,141,1274,575
truck (656).jpg,1280,720,truck,529,186,1108,510
truck (657).jpg,1280,720,truck,184,184,753,522
truck (658).jpg,1280,720,truck,229,184,906,494
truck (658).jpg,1280,720,rickshaw,1029,367,1238,513
truck (658).jpg,1280,720,cng,1,378,34,490
truck (659).jpg,1280,720,truck,347,181,1055,500
truck (659).jpg,1280,720,cng,1247,375,1280,493
truck (659).jpg,1280,720,rickshaw,43,368,253,507
truck (660).jpg,1280,720,truck,337,265,870,527
truck (660).jpg,1280,720,truck,8,392,225,491
truck (661).jpg,1280,720,truck,422,265,931,541
truck (661).jpg,1280,720,truck,1053,404,1265,508
truck (662).jpg,1280,720,truck,152,167,1276,578
truck (663).jpg,1280,720,truck,8,162,1122,577
truck (664).jpg,1280,720,truck,455,254,904,524
truck (664).jpg,1280,720,truck,313,393,475,494
truck (665).jpg,1280,720,truck,337,258,825,515
truck (665).jpg,1280,720,truck,807,395,972,493
truck (666).jpg,1280,720,truck,188,265,625,513
truck (666).jpg,1280,720,rickshaw,52,423,130,494
truck (666).jpg,1280,720,rickshaw,1117,417,1272,526
truck (666).jpg,1280,720,truck,134,414,271,497
truck (667).jpg,1280,720,truck,645,260,1077,532
truck (667).jpg,1280,720,rickshaw,1150,423,1230,494
truck (667).jpg,1280,720,rickshaw,18,420,177,526
truck (668).jpg,1280,720,truck,443,242,880,506
truck (668).jpg,1280,720,truck,138,367,234,450
truck (668).jpg,1280,720,truck,3,382,72,456
truck (668).jpg,1280,720,rickshaw,1159,372,1280,505
truck (669).jpg,1280,720,truck,407,244,846,494
truck (669).jpg,1280,720,rickshaw,7,368,130,495
truck (669).jpg,1280,720,truck,1216,381,1280,443
truck (669).jpg,1280,720,truck,1062,364,1145,456
truck (670).jpg,1280,725,truck,580,308,1012,512
truck (670).jpg,1280,725,truck,434,281,556,392
truck (670).jpg,1280,725,bus,520,307,712,402
truck (670).jpg,1280,725,van,509,397,584,439
truck (670).jpg,1280,725,car,2,350,121,437
truck (670).jpg,1280,725,bus,1161,355,1280,526
truck (671).jpg,1280,725,truck,263,315,685,499
truck (671).jpg,1280,725,truck,738,279,839,403
truck (671).jpg,1280,725,car,1162,350,1280,435
truck (671).jpg,1280,725,bus,588,311,766,401
truck (671).jpg,1280,725,van,715,393,777,443
truck (671).jpg,1280,725,bus,7,359,126,532
truck (672).jpg,2048,1536,truck,1152,624,1910,998
truck (673).jpg,4160,3120,truck,465,1088,2093,2025
truck (674).jpg,4160,3120,truck,1904,1201,3752,2062
truck (675).jpg,4160,3120,truck,50,133,3764,2741
truck (676).jpg,4160,3120,truck,365,447,4142,2741
truck (677).jpg,4160,3120,truck,2105,1201,4154,2609
truck (678).jpg,4160,3120,truck,6,1233,2099,2559
truck (679).jpg,4160,3120,truck,2011,1340,3004,2069
truck (680).jpg,4160,3120,truck,1156,1371,2131,2069
truck (681).jpg,4160,3120,truck,1358,906,4148,2333
truck (682).jpg,4160,3120,truck,50,1120,2759,2326
truck (683).jpg,611,375,truck,50,755,3425,2364
truck (683).jpg,611,375,truck,46,54,579,350
truck (684).jpg,771,445,truck,717,705,4148,2452
truck (684).jpg,771,445,truck,46,36,739,399
truck (686).jpg,4160,3120,truck,811,1226,2929,2138
truck (686).jpg,4160,3120,van,20,1659,853,1973
truck (691).jpg,4160,3120,truck,1068,1516,3507,3062
truck (691).jpg,4160,3120,bus,1,1007,763,3054
truck (692).jpg,4160,3120,truck,591,1516,3111,3018
truck (692).jpg,4160,3120,bus,3439,1026,4160,3037
truck (693).jpg,4160,3120,bus,820,7,4096,3088
truck (694).jpg,4160,3120,bus,211,7,3406,3087
truck (695).jpg,4160,3120,truck,453,1283,3457,2527
truck (695).jpg,4160,3120,van,3653,2002,4160,2359
truck (695).jpg,4160,3120,van,3368,2040,3882,2378
truck (696).jpg,4160,3120,truck,754,1340,3677,2458
truck (696).jpg,4160,3120,van,349,2021,796,2364
truck (696).jpg,4160,3120,van,20,2045,515,2364
truck (697).jpg,1280,720,truck,667,66,1252,535
truck (697).jpg,1280,720,truck,467,294,549,407
truck (698).jpg,1280,720,truck,13,81,597,534
truck (698).jpg,1280,720,truck,734,290,805,409
truck (699).jpg,1280,719,truck,522,189,1276,636
truck (699).jpg,1280,719,bus,441,477,493,520
truck (699).jpg,1280,719,van,398,502,447,540
truck (699).jpg,1280,719,van,347,499,381,523
truck (699).jpg,1280,719,easybike,161,466,203,523
truck (699).jpg,1280,719,car,236,473,273,504
truck (700).jpg,1280,719,truck,18,158,714,641
truck (700).jpg,1280,719,easybike,1077,467,1121,522
truck (700).jpg,1280,719,car,1008,473,1045,503
truck (700).jpg,1280,719,van,899,499,935,526
truck (700).jpg,1280,719,van,834,504,880,536
truck (700).jpg,1280,719,bus,791,477,843,518
truck (700).jpg,1280,719,bus,699,479,773,520
truck (701).jpg,1280,720,truck,602,236,805,448
truck (701).jpg,1280,720,truck,475,290,551,407
truck (702).jpg,1280,720,truck,484,254,676,452
truck (702).jpg,1280,720,truck,726,292,806,414
truck (703).jpg,1280,720,truck,592,333,1123,647
truck (703).jpg,1280,720,truck,392,395,602,589
truck (703).jpg,1280,720,easybike,168,466,204,529
truck (703).jpg,1280,720,truck,226,479,267,517
truck (704).jpg,1280,720,truck,685,400,899,570
truck (704).jpg,1280,720,truck,179,345,669,613
truck (704).jpg,1280,720,easybike,1077,470,1118,525
truck (704).jpg,1280,720,truck,1011,479,1053,517
truck (705).jpg,725,400,truck,326,115,716,313
truck (705).jpg,725,400,truck,57,157,383,309
truck (705).jpg,725,400,truck,26,227,49,259
truck (705).jpg,725,400,truck,1,231,23,272
truck (706).jpg,725,400,truck,359,127,657,312
truck (706).jpg,725,400,truck,11,111,333,302
truck (706).jpg,725,400,truck,704,230,725,270
truck (706).jpg,725,400,truck,675,227,698,271
truck (707).jpg,1280,719,truck,927,70,1206,271
truck (707).jpg,1280,719,truck,732,39,948,229
truck (707).jpg,1280,719,truck,550,287,1115,681
truck (707).jpg,1280,719,truck,1206,141,1273,271
truck (707).jpg,1280,719,bus,7,157,380,434
truck (708).jpg,1280,719,truck,164,299,710,664
truck (708).jpg,1280,719,truck,333,89,549,225
truck (708).jpg,1280,719,truck,40,93,342,269
truck (708).jpg,1280,719,bus,880,153,1277,444
truck (709).jpg,1280,720,truck,282,11,1200,685
truck (709).jpg,1280,720,easybike,136,300,304,704
truck (710).jpg,1280,720,truck,97,15,1048,714
truck (710).jpg,1280,720,easybike,994,303,1149,707
truck (711).jpg,1280,720,truck,176,47,969,686
truck (712).jpg,1280,720,truck,325,51,1135,671
truck (713).jpg,1280,720,truck,501,390,931,625
truck (713).jpg,1280,720,truck,8,308,248,469
truck (713).jpg,1280,720,truck,227,249,325,308
truck (713).jpg,1280,720,truck,140,265,229,320
truck (713).jpg,1280,720,truck,11,246,78,311
truck (713).jpg,1280,720,leguna,254,306,329,372
truck (713).jpg,1280,720,cng,868,367,993,462
truck (713).jpg,1280,720,cng,797,341,884,413
truck (713).jpg,1280,720,cng,694,341,795,407
truck (713).jpg,1280,720,easybike,877,332,947,375
truck (713).jpg,1280,720,cng,539,279,573,307
truck (714).jpg,1280,720,truck,337,369,774,619
truck (714).jpg,1280,720,truck,952,263,1051,302
truck (714).jpg,1280,720,truck,1202,242,1277,301
truck (714).jpg,1280,720,truck,1053,302,1277,462
truck (714).jpg,1280,720,leguna,949,304,1025,376
truck (714).jpg,1280,720,van,795,339,853,388
truck (714).jpg,1280,720,cng,291,371,420,461
truck (714).jpg,1280,720,cng,406,343,493,413
truck (714).jpg,1280,720,cng,489,331,598,403
truck (714).jpg,1280,720,cng,706,279,741,304
truck (715).jpg,1280,720,truck,390,217,685,607
truck (715).jpg,1280,720,truck,654,169,863,500
truck (715).jpg,1280,720,truck,308,165,458,443
truck (715).jpg,1280,720,truck,9,133,345,712
truck (715).jpg,1280,720,truck,842,116,1277,715
truck (716).jpg,1280,720,truck,623,217,902,614
truck (716).jpg,1280,720,truck,935,114,1269,719
truck (716).jpg,1280,720,truck,822,165,998,436
truck (716).jpg,1280,720,truck,410,165,643,537
truck (716).jpg,1280,720,truck,13,136,460,671
truck (717).jpg,1280,720,truck,311,93,859,633
truck (717).jpg,1280,720,truck,9,275,290,601
truck (717).jpg,1280,720,truck,928,330,1051,467
truck (717).jpg,1280,720,truck,852,289,986,428
truck (718).jpg,1280,720,truck,373,111,1008,628
truck (718).jpg,1280,720,truck,1031,290,1277,613
truck (718).jpg,1280,720,truck,313,282,443,433
truck (718).jpg,1280,720,truck,237,328,368,446
truck (719).jpg,1280,720,truck,313,106,786,510
truck (719).jpg,1280,720,bus,726,168,847,399
truck (719).jpg,1280,720,bus,898,200,1080,277
truck (719).jpg,1280,720,bus,268,202,339,276
truck (719).jpg,1280,720,bus,112,204,206,266
truck (719).jpg,1280,720,bus,1,199,88,257
truck (719).jpg,1280,720,car,243,227,281,264
truck (719).jpg,1280,720,rickshaw,879,244,1025,380
truck (719).jpg,1280,720,rickshaw,1043,267,1245,461
truck (719).jpg,1280,720,cng,1250,238,1280,314
truck (720).jpg,1280,720,truck,513,121,959,489
truck (720).jpg,1280,720,bus,195,197,386,268
truck (720).jpg,1280,720,bus,1188,198,1280,258
truck (720).jpg,1280,720,bus,1080,194,1166,263
truck (720).jpg,1280,720,bus,949,202,1012,272
truck (720).jpg,1280,720,car,1004,235,1032,261
truck (720).jpg,1280,720,rickshaw,268,248,391,391
truck (720).jpg,1280,720,rickshaw,44,259,234,452
truck (720).jpg,1280,720,bus,435,171,571,397
truck (720).jpg,1280,720,cng,1,248,31,321
truck (721).jpg,512,250,truck,44,43,332,218
truck (721).jpg,512,250,truck,3,95,48,168
truck (721).jpg,512,250,truck,454,110,512,166
truck (721).jpg,512,250,truck,363,108,403,151
truck (722).jpg,0,0,van,1,913,340,1240
truck (722).jpg,0,0,truck,354,411,1999,1154
truck (723).jpg,428,263,truck,66,22,401,231
truck (724).jpg,814,732,truck,131,355,351,631
truck (724).jpg,814,732,truck,672,371,789,548
truck (724).jpg,814,732,truck,434,432,576,559
truck (724).jpg,814,732,truck,350,409,657,570
truck (725).jpg,725,535,truck,79,66,329,177
truck (725).jpg,725,535,truck,1,129,85,175
truck (725).jpg,725,535,truck,52,100,696,531
truck (726).jpg,794,960,truck,32,111,791,779
truck (727).jpg,960,538,truck,532,165,890,485
truck (727).jpg,960,538,truck,308,205,567,479
truck (727).jpg,960,538,truck,62,211,328,477
truck (728).jpg,896,637,truck,63,132,827,526
truck (728).jpg,896,637,bike,825,380,896,440
truck (728).jpg,896,637,car,1,314,81,420
truck (729).jpg,960,538,truck,736,260,894,443
truck (729).jpg,960,538,truck,639,226,770,426
truck (729).jpg,960,538,truck,448,205,655,440
truck (729).jpg,960,538,truck,247,169,469,424
truck (729).jpg,960,538,truck,6,94,273,424
truck (729).jpg,960,538,truck,880,333,949,424
truck (730).jpg,960,728,truck,498,106,913,567
truck (730).jpg,960,728,truck,57,103,496,607
truck (731).jpg,960,538,truck,170,87,689,486
truck (731).jpg,960,538,truck,811,226,958,411
truck (731).jpg,960,538,truck,684,245,809,399
truck (731).jpg,960,538,truck,1,183,244,430
truck (732).jpg,764,960,truck,97,177,728,594
truck (733).jpg,960,538,truck,380,12,864,526
truck (733).jpg,960,538,truck,15,97,450,507
truck (734).jpg,720,960,truck,82,43,710,847
truck (735).jpg,721,423,truck,219,89,696,402
truck (736).jpg,0,0,van,1692,908,2000,1211
truck (736).jpg,0,0,truck,10,386,1613,1147
